0
 Brandon  <bjpatterson32@gmail.com>;Pausky
 Venky - GSD <Venky.Nagasandra@houstontx.gov>;Vernon@dominionqualityhomes.com <Vernon@dominionqualityhomes.com>;villarreal.jose@hotmail.com <villarreal.jose@hotmail.com>;violeta@fluiddesign.us <violeta@fluiddesign.us>;violetasalonso@hotmail.com <violetasalonso@hotmail.com>;visionteam.fr@gmail.com <visionteam.fr@gmail.com>;Harris
" Tara - HPC - PWE <Tara.Tuttle@houstontx.gov>;taylorpeyton@gmail.com <taylorpeyton@gmail.com>;tbarrow@ianaman.com <tbarrow@ianaman.com>;tcjonescsrp@yahoo.com <tcjonescsrp@yahoo.com>;tdarr@accessibilitycheck.com <tdarr@accessibilitycheck.com>;Teresa.beavers@hcpid.org <Teresa.beavers@hcpid.org>;teriogg@gmail.com <teriogg@gmail.com>;theffner2@gmail.com <theffner2@gmail.com>;thomas.hunter@worleyparsons.com <thomas.hunter@worleyparsons.com>;thomashughesassoc@yahoo.com <thomashughesassoc@yahoo.com>;ThomasL74@gator.uhd.edu <ThomasL74@gator.uhd.edu>;tigerpurring@yahoo.com <tigerpurring@yahoo.com>;tim@morningsidearchitects.com <tim@morningsidearchitects.com>;timnewlun@gmail.com <timnewlun@gmail.com>;tiny@master-developer.com <tiny@master-developer.com>;tlschewe@att.net <tlschewe@att.net>;tm@pyranak.com <tm@pyranak.com>;tmsmith@akisha.net <tmsmith@akisha.net>;tobinbecker@gmail.com <tobinbecker@gmail.com>;todoug@gmail.com <todoug@gmail.com>;tom.e.bryan@gmail.com <tom.e.bryan@gmail.com>;tonerkersting@hotmail.com <tonerkersting@hotmail.com>;trey@chumleyrep.com <trey@chumleyrep.com>;uhdagain3@yahoo.com <uhdagain3@yahoo.com>;valdemar1951@gmail.com <valdemar1951@gmail.com>;valdo22@yahoo.com <valdo22@yahoo.com>;veralisahunter@hotmail.com <veralisahunter@hotmail.com>;wbswan2002@yahoo.com <wbswan2002@yahoo.com>;wcarow@collaborative-engr.com <wcarow@collaborative-engr.com>;wgs0909@hotmail.com <wgs0909@hotmail.com>;whitney.ann.welch@gmail.com <whitney.ann.welch@gmail.com>;will.j.payne@gmail.com <will.j.payne@gmail.com>;william.swann2@gmail.com <william.swann2@gmail.com>;wolfescarpet@aol.com <wolfescarpet@aol.com>;wrworsham@yahoo.com <wrworsham@yahoo.com>;wso@othon.com <wso@othon.com>;yddscpa@yahoo.com <yddscpa@yahoo.com>;yevans1@houstonisd.org <yevans1@houstonisd.org>;zels.photo@gmail.com <zels.photo@gmail.com>;zschneider@cmtaegrs.com <zschneider@cmtaegrs.com>"""
 David - IT <David.Daniel@houstontx.gov>;Xu
 Vivian - CNL <Vivian.Harris@houstontx.gov>;Vivwlin@hotmail.com <Vivwlin@hotmail.com>;vlivingston9@earthlink.net <vlivingston9@earthlink.net>;vpete@rocketmail.com <vpete@rocketmail.com>;Vwhou35@yahoo.com <Vwhou35@yahoo.com>;vyron.clay@yahoo.com <vyron.clay@yahoo.com>;wareshipman@mail.com <wareshipman@mail.com>;wayne.wise@sbcglobal.net <wayne.wise@sbcglobal.net>;wdmobile@wdengineering.com <wdmobile@wdengineering.com>;werodeo@swbell.net <werodeo@swbell.net>;wgs0909@hotmail.com <wgs0909@hotmail.com>;whollis@gmail.com <whollis@gmail.com>;whysideas@gmail.com <whysideas@gmail.com>;wildflowerdesign@att.net <wildflowerdesign@att.net>;wilkinson@studioredarchitects.com <wilkinson@studioredarchitects.com>;will.watershed@gmail.com <will.watershed@gmail.com>;williamsmn@hotmail.com <williamsmn@hotmail.com>;wingso@yahoo.com <wingso@yahoo.com>;wmca@chevron.com <wmca@chevron.com>;writt.james@gmail.com <writt.james@gmail.com>;wwp_838@hotmail.com <wwp_838@hotmail.com>;xaviervar@gmail.com <xaviervar@gmail.com>;Yaeg3831@msn.com <Yaeg3831@msn.com>;Belal
" Tara - HPC - PWE <Tara.Tuttle@houstontx.gov>;taylorpeyton@gmail.com <taylorpeyton@gmail.com>;tbarrow@ianaman.com <tbarrow@ianaman.com>;tcjonescsrp@yahoo.com <tcjonescsrp@yahoo.com>;tdarr@accessibilitycheck.com <tdarr@accessibilitycheck.com>;Teresa.beavers@hcpid.org <Teresa.beavers@hcpid.org>;teriogg@gmail.com <teriogg@gmail.com>;theffner2@gmail.com <theffner2@gmail.com>;thomas.hunter@worleyparsons.com <thomas.hunter@worleyparsons.com>;thomashughesassoc@yahoo.com <thomashughesassoc@yahoo.com>;ThomasL74@gator.uhd.edu <ThomasL74@gator.uhd.edu>;tigerpurring@yahoo.com <tigerpurring@yahoo.com>;tim@morningsidearchitects.com <tim@morningsidearchitects.com>;timnewlun@gmail.com <timnewlun@gmail.com>;tiny@master-developer.com <tiny@master-developer.com>;tlschewe@att.net <tlschewe@att.net>;tm@pyranak.com <tm@pyranak.com>;tmsmith@akisha.net <tmsmith@akisha.net>;tnguyen@walterpmoore.com <tnguyen@walterpmoore.com>;tobinbecker@gmail.com <tobinbecker@gmail.com>;todoug@gmail.com <todoug@gmail.com>;tom.e.bryan@gmail.com <tom.e.bryan@gmail.com>;tonerkersting@hotmail.com <tonerkersting@hotmail.com>;trey@chumleyrep.com <trey@chumleyrep.com>;uhdagain3@yahoo.com <uhdagain3@yahoo.com>;valdemar1951@gmail.com <valdemar1951@gmail.com>;valdo22@yahoo.com <valdo22@yahoo.com>;veralisahunter@hotmail.com <veralisahunter@hotmail.com>;wbswan2002@yahoo.com <wbswan2002@yahoo.com>;wcarow@collaborative-engr.com <wcarow@collaborative-engr.com>;wgs0909@hotmail.com <wgs0909@hotmail.com>;whitney.ann.welch@gmail.com <whitney.ann.welch@gmail.com>;will.j.payne@gmail.com <will.j.payne@gmail.com>;william.swann2@gmail.com <william.swann2@gmail.com>;wolfescarpet@aol.com <wolfescarpet@aol.com>;wrworsham@yahoo.com <wrworsham@yahoo.com>;wso@othon.com <wso@othon.com>;yddscpa@yahoo.com <yddscpa@yahoo.com>;yevans1@houstonisd.org <yevans1@houstonisd.org>;zels.photo@gmail.com <zels.photo@gmail.com>;zschneider@cmtaegrs.com <zschneider@cmtaegrs.com>"""
 Albert (TWC) <albert.ruiz@twc.state.tx.us>;Texas Military Forces JOC <ng.tx.txarng.mbx.joc@mail.mil>;TFS EOC <eoc@tfs.tamu.edu>;Vestal
